Province,District,Year,Stunting_Prevalence,Wasting_Prevalence,Underweight_Prevalence,Child_Population,Mother_Education_Level,Clean_Water_Access,Health_Posts_Count,Is_Priority_District
Aceh,Banda Aceh,2018,36,8,16,14768,Perguruan Tinggi,90,43,False
Aceh,Banda Aceh,2019,29,15,12,36992,SMP,94,34,False
Aceh,Banda Aceh,2020,36,6,29,26018,SMP,85,18,False
Aceh,Banda Aceh,2021,18,14,29,18510,SMA,63,11,False
Aceh,Banda Aceh,2022,23,9,18,44384,Perguruan Tinggi,55,30,True
Aceh,Banda Aceh,2023,18,14,19,7444,SMP,60,41,False
Aceh,Lhokseumawe,2018,17,14,14,34064,SMP,80,19,True
Aceh,Lhokseumawe,2019,34,14,18,44185,SMP,69,27,False
Aceh,Lhokseumawe,2020,26,8,27,34035,SD,58,31,False
Aceh,Lhokseumawe,2021,42,9,17,27335,SD,47,34,False
Aceh,Lhokseumawe,2022,32,8,26,23348,SMP,92,40,True
Aceh,Lhokseumawe,2023,31,12,24,23676,SD,58,40,False
Aceh,Langsa,2018,18,15,17,13177,SMA,86,47,True
Aceh,Langsa,2019,33,10,22,15365,Tidak Sekolah,74,12,False
Aceh,Langsa,2020,38,9,25,17168,SMA,50,14,False
Aceh,Langsa,2021,23,8,25,8548,SMA,90,36,False
Aceh,Langsa,2022,37,14,26,33492,SMP,49,29,False
Aceh,Langsa,2023,16,8,28,11464,SMA,69,8,True
Aceh,Sabang,2018,22,13,14,12332,SMP,73,8,True
Aceh,Sabang,2019,28,12,29,48317,SD,76,35,False
Aceh,Sabang,2020,24,6,12,45514,SD,80,10,False
Aceh,Sabang,2021,36,7,19,34501,SMP,75,35,True
Aceh,Sabang,2022,30,7,12,24372,Perguruan Tinggi,81,44,True
Aceh,Sabang,2023,28,10,22,6669,Tidak Sekolah,92,45,False
Aceh,Subulussalam,2018,38,6,21,19196,SMP,90,9,False
Aceh,Subulussalam,2019,36,10,16,32003,SMP,83,30,False
Aceh,Subulussalam,2020,23,8,16,33696,Perguruan Tinggi,65,41,False
Aceh,Subulussalam,2021,32,9,20,29033,SMP,54,27,False
Aceh,Subulussalam,2022,26,14,16,43818,SMP,70,29,False
Aceh,Subulussalam,2023,34,11,24,10238,SD,57,46,False
Sumatera Utara,Medan,2018,29,11,29,36100,Tidak Sekolah,82,41,False
Sumatera Utara,Medan,2019,25,15,22,7257,SMP,50,8,False
Sumatera Utara,Medan,2020,28,11,14,43420,SMP,88,48,True
Sumatera Utara,Medan,2021,33,10,25,47077,SMP,69,21,True
Sumatera Utara,Medan,2022,43,10,25,11319,SMP,81,22,False
Sumatera Utara,Medan,2023,39,9,21,38114,SMA,83,8,False
Sumatera Utara,Binjai,2018,26,8,17,33937,SMA,41,48,False
Sumatera Utara,Binjai,2019,22,11,26,13756,SMP,79,49,False
Sumatera Utara,Binjai,2020,19,10,15,27002,SMP,67,50,True
Sumatera Utara,Binjai,2021,29,6,28,6955,SD,42,35,False
Sumatera Utara,Binjai,2022,43,11,15,45042,SMP,75,46,False
Sumatera Utara,Binjai,2023,35,14,25,7521,SD,81,41,True
Sumatera Utara,Pematangsiantar,2018,38,12,21,37103,Tidak Sekolah,59,18,False
Sumatera Utara,Pematangsiantar,2019,36,9,23,22261,SMA,53,49,False
Sumatera Utara,Pematangsiantar,2020,25,14,10,42863,SMA,74,44,False
Sumatera Utara,Pematangsiantar,2021,35,8,12,19579,SD,78,20,True
Sumatera Utara,Pematangsiantar,2022,43,8,20,21408,SD,67,43,True
Sumatera Utara,Pematangsiantar,2023,35,7,19,25402,SMP,65,49,False
Sumatera Utara,Tebing Tinggi,2018,19,6,21,10143,SMP,88,32,False
Sumatera Utara,Tebing Tinggi,2019,37,12,20,19695,SMA,66,17,False
Sumatera Utara,Tebing Tinggi,2020,42,10,18,21070,SMA,67,44,False
Sumatera Utara,Tebing Tinggi,2021,41,9,22,6898,SMP,45,47,False
Sumatera Utara,Tebing Tinggi,2022,28,10,24,31169,SD,50,49,False
Sumatera Utara,Tebing Tinggi,2023,33,11,11,21912,SMA,43,17,False
Sumatera Utara,Padang Sidempuan,2018,45,7,19,20715,SMA,44,47,False
Sumatera Utara,Padang Sidempuan,2019,39,11,18,28083,SMP,76,24,False
Sumatera Utara,Padang Sidempuan,2020,44,8,19,47227,SD,95,44,False
Sumatera Utara,Padang Sidempuan,2021,36,14,17,20753,Perguruan Tinggi,42,37,True
Sumatera Utara,Padang Sidempuan,2022,22,15,25,37731,SD,81,30,True
Sumatera Utara,Padang Sidempuan,2023,37,12,22,44010,SD,74,11,False
Sumatera Barat,Padang,2018,26,9,13,35388,SD,88,30,True
Sumatera Barat,Padang,2019,24,12,25,5074,SD,44,26,True
Sumatera Barat,Padang,2020,22,8,21,45269,SMA,72,9,True
Sumatera Barat,Padang,2021,44,10,27,42982,SMP,58,28,False
Sumatera Barat,Padang,2022,44,9,18,47546,SMP,46,40,False
Sumatera Barat,Padang,2023,27,8,20,6069,SMP,69,16,False
Sumatera Barat,Bukittinggi,2018,26,12,24,30652,SMA,76,42,False
Sumatera Barat,Bukittinggi,2019,19,13,12,12337,Perguruan Tinggi,50,13,False
Sumatera Barat,Bukittinggi,2020,26,14,18,8837,SMP,80,17,False
Sumatera Barat,Bukittinggi,2021,38,13,23,23504,SMP,44,29,True
Sumatera Barat,Bukittinggi,2022,30,6,16,11460,SMP,53,47,False
Sumatera Barat,Bukittinggi,2023,25,15,21,19398,SMP,46,32,True
Sumatera Barat,Payakumbuh,2018,28,13,18,36978,SMP,64,19,False
Sumatera Barat,Payakumbuh,2019,40,9,15,26455,Tidak Sekolah,80,19,False
Sumatera Barat,Payakumbuh,2020,33,13,12,11832,Perguruan Tinggi,66,41,False
Sumatera Barat,Payakumbuh,2021,45,7,19,49314,SMP,61,39,False
Sumatera Barat,Payakumbuh,2022,18,5,17,6200,SMP,49,34,False
Sumatera Barat,Payakumbuh,2023,33,6,19,45999,SMP,75,21,False
Sumatera Barat,Pariaman,2018,22,15,25,41548,SD,41,50,False
Sumatera Barat,Pariaman,2019,16,11,22,40863,SMA,85,5,False
Sumatera Barat,Pariaman,2020,44,7,27,17638,Tidak Sekolah,80,30,False
Sumatera Barat,Pariaman,2021,22,14,11,5600,SMP,50,18,False
Sumatera Barat,Pariaman,2022,32,15,23,38053,SMA,57,35,False
Sumatera Barat,Pariaman,2023,32,6,21,29353,SD,49,28,False
Sumatera Barat,Solok,2018,21,14,26,39722,SMP,65,46,True
Sumatera Barat,Solok,2019,22,7,13,44242,SMP,63,25,True
Sumatera Barat,Solok,2020,25,6,12,10125,Tidak Sekolah,81,5,False
Sumatera Barat,Solok,2021,27,12,21,22644,SMP,76,37,False
Sumatera Barat,Solok,2022,34,9,23,14679,SMA,79,43,False
Sumatera Barat,Solok,2023,32,10,17,31957,SD,85,38,True
Riau,Pekanbaru,2018,30,8,15,29495,SMA,52,31,True
Riau,Pekanbaru,2019,43,9,20,38646,SMP,71,14,False
Riau,Pekanbaru,2020,43,14,22,30448,SMA,57,19,False
Riau,Pekanbaru,2021,25,12,13,26580,Tidak Sekolah,63,34,False
Riau,Pekanbaru,2022,30,10,14,32449,SMP,72,27,False
Riau,Pekanbaru,2023,43,15,18,31447,SMP,41,15,False
Riau,Dumai,2018,18,8,26,21874,SMP,92,47,False
Riau,Dumai,2019,22,5,28,28045,SMA,87,35,False
Riau,Dumai,2020,43,8,12,15305,SD,88,44,False
Riau,Dumai,2021,17,12,14,47424,SD,84,19,False
Riau,Dumai,2022,39,13,11,24325,SD,91,14,False
Riau,Dumai,2023,31,6,14,47899,SMP,41,49,False
Riau,Siak,2018,27,12,23,46166,Perguruan Tinggi,69,33,False
Riau,Siak,2019,26,13,30,22702,SMP,90,20,True
Riau,Siak,2020,36,10,13,8596,SD,73,39,False
Riau,Siak,2021,18,10,22,45649,SMA,55,7,True
Riau,Siak,2022,18,14,24,37720,SMP,42,23,False
Riau,Siak,2023,42,12,25,26864,SMP,75,50,True
Riau,Bengkalis,2018,39,11,13,12647,SD,94,41,True
Riau,Bengkalis,2019,34,10,13,40806,SMP,86,24,True
Riau,Bengkalis,2020,28,14,18,38716,Tidak Sekolah,75,38,False
Riau,Bengkalis,2021,24,14,12,30743,SMP,73,38,True
Riau,Bengkalis,2022,20,11,25,39054,SMA,77,23,False
Riau,Bengkalis,2023,25,10,21,41971,SMA,89,38,False
Riau,Kampar,2018,17,8,16,13905,Perguruan Tinggi,50,47,False
Riau,Kampar,2019,20,5,12,17635,Perguruan Tinggi,65,11,False
Riau,Kampar,2020,26,8,26,39030,SMP,49,50,False
Riau,Kampar,2021,43,10,26,18601,SMA,63,12,False
Riau,Kampar,2022,34,10,23,19369,SD,56,45,False
Riau,Kampar,2023,43,14,24,16508,SMP,60,16,False
Kepulauan Riau,Tanjung Pinang,2018,27,11,27,37887,Tidak Sekolah,81,10,False
Kepulauan Riau,Tanjung Pinang,2019,34,12,11,29122,SD,90,10,False
Kepulauan Riau,Tanjung Pinang,2020,26,9,10,36405,SD,78,17,True
Kepulauan Riau,Tanjung Pinang,2021,27,13,11,16743,SMA,71,31,True
Kepulauan Riau,Tanjung Pinang,2022,34,12,25,24278,SD,82,21,False
Kepulauan Riau,Tanjung Pinang,2023,34,12,29,37757,SMP,46,24,True
Kepulauan Riau,Batam,2018,38,9,24,38544,SMA,94,46,False
Kepulauan Riau,Batam,2019,18,5,23,36021,SD,54,34,False
Kepulauan Riau,Batam,2020,30,14,30,20471,SMA,42,13,False
Kepulauan Riau,Batam,2021,28,10,17,19833,SMP,93,44,False
Kepulauan Riau,Batam,2022,22,9,17,47484,Perguruan Tinggi,47,28,False
Kepulauan Riau,Batam,2023,36,14,14,26486,SMA,90,42,False
Kepulauan Riau,Bintan,2018,37,6,14,6341,SMA,64,6,False
Kepulauan Riau,Bintan,2019,31,10,21,36941,SMP,42,33,False
Kepulauan Riau,Bintan,2020,25,13,17,15308,SMA,90,22,False
Kepulauan Riau,Bintan,2021,35,11,12,31957,SD,92,9,False
Kepulauan Riau,Bintan,2022,25,12,11,42712,Perguruan Tinggi,58,16,False
Kepulauan Riau,Bintan,2023,26,10,19,17992,SMA,94,34,True
Kepulauan Riau,Karimun,2018,27,11,25,5622,SMP,71,7,False
Kepulauan Riau,Karimun,2019,23,12,15,20816,SMA,78,29,False
Kepulauan Riau,Karimun,2020,28,7,19,5868,SD,64,25,False
Kepulauan Riau,Karimun,2021,25,7,27,25188,SD,55,45,False
Kepulauan Riau,Karimun,2022,44,11,21,48218,SMA,43,30,False
Kepulauan Riau,Karimun,2023,43,13,14,27051,SMP,81,11,False
Kepulauan Riau,Lingga,2018,36,13,16,45628,SMA,86,33,False
Kepulauan Riau,Lingga,2019,43,13,26,28903,SMP,74,25,False
Kepulauan Riau,Lingga,2020,26,8,14,6609,SMP,79,29,True
Kepulauan Riau,Lingga,2021,23,13,16,13045,SMP,93,43,False
Kepulauan Riau,Lingga,2022,15,10,18,37266,SD,93,29,True
Kepulauan Riau,Lingga,2023,39,9,23,23529,SD,62,12,True
Jambi,Jambi,2018,30,6,13,14741,SMP,41,32,False
Jambi,Jambi,2019,23,9,18,30291,SMA,48,44,False
Jambi,Jambi,2020,40,8,19,40707,Perguruan Tinggi,66,20,False
Jambi,Jambi,2021,17,14,22,15262,Tidak Sekolah,66,8,False
Jambi,Jambi,2022,17,6,18,25811,SD,48,27,True
Jambi,Jambi,2023,25,5,18,7824,SD,62,25,False
Jambi,Sungai Penuh,2018,35,9,10,37490,Perguruan Tinggi,66,14,False
Jambi,Sungai Penuh,2019,39,12,29,14100,SMA,48,29,False
Jambi,Sungai Penuh,2020,40,15,24,17791,SMP,47,21,False
Jambi,Sungai Penuh,2021,45,6,29,37386,SMP,68,26,False
Jambi,Sungai Penuh,2022,17,12,18,11358,SMP,73,49,False
Jambi,Sungai Penuh,2023,38,7,13,49962,SD,69,36,True
Jambi,Muaro Jambi,2018,35,15,13,29512,Perguruan Tinggi,72,42,False
Jambi,Muaro Jambi,2019,37,7,23,11774,SMA,90,35,True
Jambi,Muaro Jambi,2020,41,7,15,16139,SMP,74,26,False
Jambi,Muaro Jambi,2021,38,10,12,37921,Tidak Sekolah,76,13,False
Jambi,Muaro Jambi,2022,18,9,23,29800,SMP,43,34,False
Jambi,Muaro Jambi,2023,26,11,13,45405,Perguruan Tinggi,54,18,False
Jambi,Sarolangun,2018,31,14,22,8600,SMP,44,24,True
Jambi,Sarolangun,2019,21,13,26,36146,SD,56,37,True
Jambi,Sarolangun,2020,33,14,19,23838,SMP,91,42,False
Jambi,Sarolangun,2021,22,12,18,16697,SMP,43,33,False
Jambi,Sarolangun,2022,40,7,17,41916,SD,62,22,True
Jambi,Sarolangun,2023,34,14,26,14353,SMP,56,12,False
Jambi,Tebo,2018,20,14,17,11084,SMA,50,40,False
Jambi,Tebo,2019,34,12,14,9540,SMA,69,5,False
Jambi,Tebo,2020,15,9,12,19637,SMP,45,13,False
Jambi,Tebo,2021,42,6,26,19583,SMP,74,44,False
Jambi,Tebo,2022,31,6,14,19276,SMA,41,45,False
Jambi,Tebo,2023,17,12,30,7253,SMA,40,28,True
Bengkulu,Bengkulu,2018,28,12,23,36697,Perguruan Tinggi,81,11,True
Bengkulu,Bengkulu,2019,15,15,27,25227,Perguruan Tinggi,89,20,False
Bengkulu,Bengkulu,2020,34,13,27,28996,SD,71,21,False
Bengkulu,Bengkulu,2021,21,8,19,12529,Tidak Sekolah,70,26,False
Bengkulu,Bengkulu,2022,29,6,22,23751,Tidak Sekolah,68,41,False
Bengkulu,Bengkulu,2023,20,15,18,10557,Perguruan Tinggi,78,46,False
Bengkulu,Rejang Lebong,2018,28,14,27,6687,SMA,73,37,False
Bengkulu,Rejang Lebong,2019,30,14,28,34960,SMA,59,36,False
Bengkulu,Rejang Lebong,2020,40,5,17,39928,SMA,74,39,False
Bengkulu,Rejang Lebong,2021,38,6,16,34385,SD,53,42,True
Bengkulu,Rejang Lebong,2022,40,14,21,13301,Perguruan Tinggi,58,34,True
Bengkulu,Rejang Lebong,2023,28,11,17,28070,SMA,86,31,False
Bengkulu,Mukomuko,2018,33,7,18,21494,SD,77,25,True
Bengkulu,Mukomuko,2019,22,11,24,40297,SMP,47,8,False
Bengkulu,Mukomuko,2020,29,12,21,6157,SMA,67,23,False
Bengkulu,Mukomuko,2021,43,9,22,26908,SMP,55,6,False
Bengkulu,Mukomuko,2022,21,8,17,43383,Perguruan Tinggi,82,49,False
Bengkulu,Mukomuko,2023,39,8,22,40914,Perguruan Tinggi,89,37,False
Bengkulu,Kaur,2018,30,8,23,10514,SD,68,44,False
Bengkulu,Kaur,2019,18,6,19,17686,SMA,69,21,False
Bengkulu,Kaur,2020,32,12,18,41516,SMP,90,18,False
Bengkulu,Kaur,2021,30,6,12,35540,Perguruan Tinggi,42,40,False
Bengkulu,Kaur,2022,18,9,24,38243,SMA,70,39,True
Bengkulu,Kaur,2023,40,7,14,26211,SMA,50,29,False
Bengkulu,Seluma,2018,23,14,15,50000,Perguruan Tinggi,85,25,False
Bengkulu,Seluma,2019,39,14,12,33186,SMP,53,28,False
Bengkulu,Seluma,2020,30,14,22,41970,Tidak Sekolah,84,40,False
Bengkulu,Seluma,2021,23,13,14,12184,Tidak Sekolah,60,41,False
Bengkulu,Seluma,2022,21,9,22,10361,SD,72,23,False
Bengkulu,Seluma,2023,16,12,10,33551,SMP,45,11,True
Sumatera Selatan,Palembang,2018,43,5,21,47311,Tidak Sekolah,80,8,False
Sumatera Selatan,Palembang,2019,16,13,10,28349,SMP,73,31,True
Sumatera Selatan,Palembang,2020,24,10,13,16923,SMA,92,34,False
Sumatera Selatan,Palembang,2021,25,8,18,17672,SMP,60,35,True
Sumatera Selatan,Palembang,2022,40,5,18,26243,SD,61,30,False
Sumatera Selatan,Palembang,2023,37,9,15,11098,SMP,65,43,False
Sumatera Selatan,Lubuklinggau,2018,42,7,19,21418,SMP,82,23,False
Sumatera Selatan,Lubuklinggau,2019,32,8,29,14464,SMP,65,45,True
Sumatera Selatan,Lubuklinggau,2020,28,10,26,49001,SD,61,7,False
Sumatera Selatan,Lubuklinggau,2021,24,9,14,40583,SMP,60,13,False
Sumatera Selatan,Lubuklinggau,2022,28,11,24,28544,Perguruan Tinggi,41,17,False
Sumatera Selatan,Lubuklinggau,2023,44,7,17,19319,SMP,58,42,False
Sumatera Selatan,Pagar Alam,2018,32,10,13,23542,SMP,85,11,False
Sumatera Selatan,Pagar Alam,2019,34,14,24,16580,Perguruan Tinggi,44,39,True
Sumatera Selatan,Pagar Alam,2020,28,14,14,43901,Perguruan Tinggi,86,34,False
Sumatera Selatan,Pagar Alam,2021,21,8,23,13787,SMP,94,40,True
Sumatera Selatan,Pagar Alam,2022,28,12,26,27782,SMA,82,49,True
Sumatera Selatan,Pagar Alam,2023,24,11,12,21717,SD,84,7,False
Sumatera Selatan,Prabumulih,2018,34,15,20,24434,SMA,52,7,False
Sumatera Selatan,Prabumulih,2019,31,12,14,13825,Perguruan Tinggi,63,42,False
Sumatera Selatan,Prabumulih,2020,38,11,11,24717,SMA,88,8,True
Sumatera Selatan,Prabumulih,2021,28,6,16,20239,Perguruan Tinggi,43,26,False
Sumatera Selatan,Prabumulih,2022,44,11,28,29866,SMA,85,5,False
Sumatera Selatan,Prabumulih,2023,23,7,12,18698,Perguruan Tinggi,71,35,False
Sumatera Selatan,Ogan Ilir,2018,19,10,25,33661,SMP,69,34,True
Sumatera Selatan,Ogan Ilir,2019,29,12,21,16507,Tidak Sekolah,65,26,False
Sumatera Selatan,Ogan Ilir,2020,23,11,21,40251,Tidak Sekolah,68,31,False
Sumatera Selatan,Ogan Ilir,2021,26,9,25,42752,SMA,53,30,True
Sumatera Selatan,Ogan Ilir,2022,15,7,12,24834,Tidak Sekolah,46,13,False
Sumatera Selatan,Ogan Ilir,2023,35,8,29,15250,SMA,88,46,False
Bangka Belitung,Pangkal Pinang,2018,29,5,12,45243,SD,63,46,False
Bangka Belitung,Pangkal Pinang,2019,35,15,22,29600,SMA,49,28,False
Bangka Belitung,Pangkal Pinang,2020,16,7,22,37892,SD,58,19,True
Bangka Belitung,Pangkal Pinang,2021,40,11,21,17693,SMA,61,30,False
Bangka Belitung,Pangkal Pinang,2022,23,7,13,30864,SMP,61,7,False
Bangka Belitung,Pangkal Pinang,2023,42,11,14,34086,SMA,58,9,True
Bangka Belitung,Belitung,2018,30,12,14,28360,SMA,49,44,False
Bangka Belitung,Belitung,2019,32,7,28,12421,SD,56,31,False
Bangka Belitung,Belitung,2020,15,12,28,16240,SD,57,10,False
Bangka Belitung,Belitung,2021,22,12,22,44211,Tidak Sekolah,56,28,True
Bangka Belitung,Belitung,2022,27,15,25,36645,SMA,42,29,False
Bangka Belitung,Belitung,2023,26,13,28,30682,SD,77,37,False
Bangka Belitung,Bangka,2018,17,15,11,25052,SMP,75,9,False
Bangka Belitung,Bangka,2019,32,12,15,13872,SMA,79,25,False
Bangka Belitung,Bangka,2020,43,10,25,8881,SMP,65,6,False
Bangka Belitung,Bangka,2021,42,7,26,9039,SMP,94,16,True
Bangka Belitung,Bangka,2022,29,14,28,20937,Perguruan Tinggi,71,50,False
Bangka Belitung,Bangka,2023,38,9,21,18533,Tidak Sekolah,92,9,False
Bangka Belitung,Central Bangka,2018,19,13,30,30694,SD,48,28,False
Bangka Belitung,Central Bangka,2019,20,9,16,8035,SMA,51,33,True
Bangka Belitung,Central Bangka,2020,28,12,20,18700,SMP,57,5,False
Bangka Belitung,Central Bangka,2021,15,8,27,36570,SD,60,7,True
Bangka Belitung,Central Bangka,2022,20,10,16,5164,SD,72,38,True
Bangka Belitung,Central Bangka,2023,37,8,25,24169,SD,60,42,True
Bangka Belitung,South Bangka,2018,26,15,22,40054,SMA,50,33,False
Bangka Belitung,South Bangka,2019,40,12,21,11211,Perguruan Tinggi,49,23,True
Bangka Belitung,South Bangka,2020,41,10,30,33998,SMA,47,34,True
Bangka Belitung,South Bangka,2021,23,6,21,13076,SMP,73,19,True
Bangka Belitung,South Bangka,2022,26,11,20,15048,SD,50,20,False
Bangka Belitung,South Bangka,2023,37,11,30,19780,SMP,92,8,True
Lampung,Bandar Lampung,2018,36,7,29,6141,SD,93,47,False
Lampung,Bandar Lampung,2019,36,8,21,6306,Tidak Sekolah,83,15,True
Lampung,Bandar Lampung,2020,30,9,12,46536,Tidak Sekolah,89,28,False
Lampung,Bandar Lampung,2021,24,8,28,19952,Perguruan Tinggi,72,6,True
Lampung,Bandar Lampung,2022,27,10,14,34639,SMP,48,6,False
Lampung,Bandar Lampung,2023,16,6,25,5063,SMA,75,23,True
Lampung,Metro,2018,27,14,24,7004,SMP,72,43,False
Lampung,Metro,2019,31,15,16,11619,SMA,44,19,True
Lampung,Metro,2020,22,13,19,44614,SMA,45,41,False
Lampung,Metro,2021,37,6,12,44946,SMP,45,20,False
Lampung,Metro,2022,38,6,12,14132,SMP,50,13,False
Lampung,Metro,2023,34,9,15,13405,SMA,52,46,False
Lampung,Lampung Tengah,2018,35,12,19,8216,Tidak Sekolah,64,33,False
Lampung,Lampung Tengah,2019,18,8,22,19659,SMP,53,14,False
Lampung,Lampung Tengah,2020,23,14,13,8175,SD,92,44,False
Lampung,Lampung Tengah,2021,30,13,29,35076,SMP,60,31,False
Lampung,Lampung Tengah,2022,33,12,14,25103,SMP,79,37,False
Lampung,Lampung Tengah,2023,45,14,19,28593,SD,94,45,True
Lampung,Lampung Selatan,2018,18,9,20,40634,SMP,63,19,True
Lampung,Lampung Selatan,2019,34,10,15,20400,SD,59,19,False
Lampung,Lampung Selatan,2020,34,11,24,11014,SMA,59,16,False
Lampung,Lampung Selatan,2021,23,9,20,48841,SMA,57,40,False
Lampung,Lampung Selatan,2022,40,8,26,19266,SMP,49,19,False
Lampung,Lampung Selatan,2023,30,7,23,15510,SD,94,11,True
Lampung,Tulang Bawang,2018,34,7,30,39512,SD,58,47,True
Lampung,Tulang Bawang,2019,21,5,13,35415,SMA,62,47,False
Lampung,Tulang Bawang,2020,36,5,17,31183,SMP,88,46,False
Lampung,Tulang Bawang,2021,42,7,17,8393,SD,88,14,False
Lampung,Tulang Bawang,2022,34,5,27,11840,SMA,78,47,False
Lampung,Tulang Bawang,2023,23,10,22,20297,SMA,51,43,True
Banten,Serang,2018,20,9,24,5689,SMP,84,45,False
Banten,Serang,2019,24,8,14,26652,SMP,53,25,False
Banten,Serang,2020,27,8,26,42739,SMP,46,7,True
Banten,Serang,2021,22,12,12,33918,SMA,81,34,False
Banten,Serang,2022,33,6,28,48749,SMA,70,20,False
Banten,Serang,2023,41,12,26,38416,SD,58,50,True
Banten,Tangerang,2018,24,13,22,27178,SMA,64,29,True
Banten,Tangerang,2019,28,9,24,20408,SMP,60,50,False
Banten,Tangerang,2020,36,9,29,19136,SD,50,33,True
Banten,Tangerang,2021,18,10,13,30456,SMA,89,47,False
Banten,Tangerang,2022,38,13,15,27049,SMA,87,46,True
Banten,Tangerang,2023,18,13,14,49415,Tidak Sekolah,90,42,True
Banten,Cilegon,2018,27,13,28,27656,Perguruan Tinggi,66,41,False
Banten,Cilegon,2019,28,11,21,38714,SMA,45,15,False
Banten,Cilegon,2020,41,14,15,36774,SMP,56,21,True
Banten,Cilegon,2021,34,7,22,44168,SMA,54,22,False
Banten,Cilegon,2022,31,11,22,17367,SMA,91,7,False
Banten,Cilegon,2023,19,8,16,46292,SMP,95,44,True
Banten,Pandeglang,2018,44,7,20,46658,SMP,83,27,False
Banten,Pandeglang,2019,40,14,24,12464,SMP,57,17,False
Banten,Pandeglang,2020,19,6,27,12889,SD,66,20,False
Banten,Pandeglang,2021,20,13,22,47362,Tidak Sekolah,85,21,True
Banten,Pandeglang,2022,34,14,27,28733,SD,47,23,False
Banten,Pandeglang,2023,33,13,10,30006,SMA,52,40,False
Banten,Lebak,2018,40,7,15,40083,SMP,64,5,False
Banten,Lebak,2019,19,14,23,19686,SMP,60,36,False
Banten,Lebak,2020,25,9,12,14106,SMA,50,12,True
Banten,Lebak,2021,41,5,29,40182,SMP,59,37,False
Banten,Lebak,2022,29,14,21,12490,SMA,78,44,False
Banten,Lebak,2023,45,12,22,39650,SMA,57,10,True
DKI Jakarta,Jakarta Pusat,2018,41,7,15,47841,SMP,53,11,False
DKI Jakarta,Jakarta Pusat,2019,19,14,24,17351,SD,70,27,False
DKI Jakarta,Jakarta Pusat,2020,26,12,11,29127,Perguruan Tinggi,87,38,True
DKI Jakarta,Jakarta Pusat,2021,42,6,16,27026,SD,74,32,True
DKI Jakarta,Jakarta Pusat,2022,35,6,14,44645,SMA,89,22,True
DKI Jakarta,Jakarta Pusat,2023,29,14,22,47931,SD,94,39,True
DKI Jakarta,Jakarta Utara,2018,27,14,27,16495,SMP,88,7,True
DKI Jakarta,Jakarta Utara,2019,26,6,14,36610,Perguruan Tinggi,78,19,False
DKI Jakarta,Jakarta Utara,2020,35,5,18,19037,Perguruan Tinggi,70,50,False
DKI Jakarta,Jakarta Utara,2021,44,5,28,32223,SMA,78,21,False
DKI Jakarta,Jakarta Utara,2022,22,5,14,30646,SD,70,45,False
DKI Jakarta,Jakarta Utara,2023,18,10,11,47016,SMP,64,43,False
DKI Jakarta,Jakarta Barat,2018,42,9,18,42486,SMP,63,45,True
DKI Jakarta,Jakarta Barat,2019,18,5,22,17984,Tidak Sekolah,41,6,True
DKI Jakarta,Jakarta Barat,2020,36,11,26,42140,SMP,41,41,False
DKI Jakarta,Jakarta Barat,2021,19,6,20,5923,SD,54,11,True
DKI Jakarta,Jakarta Barat,2022,42,14,19,9005,SMP,82,21,False
DKI Jakarta,Jakarta Barat,2023,19,11,13,32981,Tidak Sekolah,47,5,False
DKI Jakarta,Jakarta Selatan,2018,38,6,12,24964,Perguruan Tinggi,63,42,True
DKI Jakarta,Jakarta Selatan,2019,36,13,18,9923,SMP,93,5,False
DKI Jakarta,Jakarta Selatan,2020,28,8,24,37757,SMP,78,29,True
DKI Jakarta,Jakarta Selatan,2021,23,11,19,9623,SMP,87,24,True
DKI Jakarta,Jakarta Selatan,2022,29,13,13,49101,SD,56,48,False
DKI Jakarta,Jakarta Selatan,2023,30,8,27,10615,Tidak Sekolah,92,45,False
DKI Jakarta,Jakarta Timur,2018,31,7,18,8385,SMA,49,46,False
DKI Jakarta,Jakarta Timur,2019,29,8,23,7814,Perguruan Tinggi,93,25,False
DKI Jakarta,Jakarta Timur,2020,26,13,19,30014,SD,61,9,False
DKI Jakarta,Jakarta Timur,2021,17,10,11,8180,SMA,48,43,False
DKI Jakarta,Jakarta Timur,2022,44,12,28,42112,Perguruan Tinggi,43,18,False
DKI Jakarta,Jakarta Timur,2023,44,14,12,46731,SMA,81,31,False
Jawa Barat,Bandung,2018,41,6,11,34159,SMP,57,31,False
Jawa Barat,Bandung,2019,45,12,16,15835,SD,56,11,False
Jawa Barat,Bandung,2020,22,10,24,10556,SMA,88,34,False
Jawa Barat,Bandung,2021,40,6,18,28847,SMA,45,42,False
Jawa Barat,Bandung,2022,25,8,24,22361,SMP,82,49,False
Jawa Barat,Bandung,2023,28,6,28,8980,Perguruan Tinggi,75,7,False
Jawa Barat,Bekasi,2018,33,9,14,27130,Perguruan Tinggi,91,31,False
Jawa Barat,Bekasi,2019,29,8,10,15175,SD,62,39,True
Jawa Barat,Bekasi,2020,21,9,12,25510,Perguruan Tinggi,53,36,False
Jawa Barat,Bekasi,2021,27,6,28,5342,SMP,74,25,False
Jawa Barat,Bekasi,2022,26,6,18,42812,SD,86,50,True
Jawa Barat,Bekasi,2023,33,10,13,18615,Perguruan Tinggi,74,47,False
Jawa Barat,Bogor,2018,28,12,14,23966,SD,88,31,False
Jawa Barat,Bogor,2019,17,8,30,29755,SMA,49,13,True
Jawa Barat,Bogor,2020,21,8,28,46089,SMA,51,16,True
Jawa Barat,Bogor,2021,34,6,12,30674,SD,78,17,False
Jawa Barat,Bogor,2022,29,6,23,19037,Tidak Sekolah,95,8,False
Jawa Barat,Bogor,2023,19,5,28,23640,Perguruan Tinggi,57,9,True
Jawa Barat,Depok,2018,22,12,25,41311,SMP,75,48,True
Jawa Barat,Depok,2019,40,6,21,19764,SD,92,13,False
Jawa Barat,Depok,2020,25,15,12,45268,SD,44,19,False
Jawa Barat,Depok,2021,39,12,17,44432,SMP,53,47,False
Jawa Barat,Depok,2022,45,9,16,42303,SMP,48,34,False
Jawa Barat,Depok,2023,33,12,11,46298,SMA,73,13,False
Jawa Barat,Cirebon,2018,15,7,10,5109,SD,83,50,True
Jawa Barat,Cirebon,2019,42,6,19,6374,SD,87,10,False
Jawa Barat,Cirebon,2020,22,9,18,16395,Perguruan Tinggi,95,34,False
Jawa Barat,Cirebon,2021,32,5,22,29971,SD,48,17,False
Jawa Barat,Cirebon,2022,30,6,19,25152,SMA,89,43,False
Jawa Barat,Cirebon,2023,41,11,19,19810,SD,43,9,False
Jawa Tengah,Semarang,2018,26,11,16,32967,SMP,70,44,False
Jawa Tengah,Semarang,2019,43,11,22,17019,Perguruan Tinggi,80,32,False
Jawa Tengah,Semarang,2020,20,6,17,47039,Perguruan Tinggi,90,16,False
Jawa Tengah,Semarang,2021,22,6,24,35642,SMP,71,50,True
Jawa Tengah,Semarang,2022,26,7,21,13463,SMP,82,47,False
Jawa Tengah,Semarang,2023,45,10,27,36077,SMP,40,6,False
Jawa Tengah,Solo,2018,27,11,16,23742,SMP,56,45,True
Jawa Tengah,Solo,2019,25,10,24,38698,SMP,60,50,False
Jawa Tengah,Solo,2020,30,12,18,36094,SMA,94,24,False
Jawa Tengah,Solo,2021,19,10,14,13864,SMP,41,32,False
Jawa Tengah,Solo,2022,36,14,21,6014,SMA,50,21,False
Jawa Tengah,Solo,2023,18,12,27,38689,SMP,80,27,False
Jawa Tengah,Purwokerto,2018,37,15,14,39421,SMP,75,14,True
Jawa Tengah,Purwokerto,2019,23,10,28,6768,SD,68,16,True
Jawa Tengah,Purwokerto,2020,25,5,30,36727,Perguruan Tinggi,44,14,False
Jawa Tengah,Purwokerto,2021,33,7,11,43264,Perguruan Tinggi,43,27,False
Jawa Tengah,Purwokerto,2022,25,12,25,23061,SMP,55,13,False
Jawa Tengah,Purwokerto,2023,37,9,27,6624,SMA,81,49,False
Jawa Tengah,Magelang,2018,41,14,29,37525,SMA,91,30,False
Jawa Tengah,Magelang,2019,44,7,29,38113,SMP,92,29,False
Jawa Tengah,Magelang,2020,27,13,22,19269,Perguruan Tinggi,47,22,False
Jawa Tengah,Magelang,2021,18,8,16,36651,Perguruan Tinggi,80,48,False
Jawa Tengah,Magelang,2022,40,14,12,25303,SMA,48,29,False
Jawa Tengah,Magelang,2023,29,7,18,14437,Tidak Sekolah,90,12,False
Jawa Tengah,Tegal,2018,27,9,11,36297,SMP,68,38,True
Jawa Tengah,Tegal,2019,35,8,27,35789,Perguruan Tinggi,92,14,False
Jawa Tengah,Tegal,2020,37,9,13,20715,SMA,61,17,True
Jawa Tengah,Tegal,2021,18,6,11,13322,Perguruan Tinggi,70,18,False
Jawa Tengah,Tegal,2022,28,14,17,15752,SMP,90,41,False
Jawa Tengah,Tegal,2023,44,14,18,33190,SD,45,15,False
DI Yogyakarta,Yogyakarta,2018,24,9,12,28992,SMP,57,29,False
DI Yogyakarta,Yogyakarta,2019,28,9,27,47304,SMA,74,37,True
DI Yogyakarta,Yogyakarta,2020,31,6,18,12969,SMP,45,8,True
DI Yogyakarta,Yogyakarta,2021,20,15,20,32408,SMA,87,7,True
DI Yogyakarta,Yogyakarta,2022,40,9,22,32929,SD,80,11,False
DI Yogyakarta,Yogyakarta,2023,17,15,10,12169,SD,44,28,False
DI Yogyakarta,Sleman,2018,24,11,15,11516,SMP,88,50,False
DI Yogyakarta,Sleman,2019,32,14,13,44251,SD,70,42,False
DI Yogyakarta,Sleman,2020,16,10,23,29747,SMA,89,47,True
DI Yogyakarta,Sleman,2021,22,15,13,23030,SMA,43,24,False
DI Yogyakarta,Sleman,2022,15,15,26,44905,Perguruan Tinggi,91,29,False
DI Yogyakarta,Sleman,2023,38,13,12,35371,SMP,68,26,False
DI Yogyakarta,Bantul,2018,24,12,10,17757,SMP,45,42,False
DI Yogyakarta,Bantul,2019,43,9,13,45686,SMA,84,29,False
DI Yogyakarta,Bantul,2020,31,9,18,9066,SD,59,15,False
DI Yogyakarta,Bantul,2021,32,10,26,20652,SMA,74,36,False
DI Yogyakarta,Bantul,2022,33,11,23,30100,SMA,52,20,False
DI Yogyakarta,Bantul,2023,19,10,29,15350,SMA,82,11,False
DI Yogyakarta,Gunungkidul,2018,32,15,16,42282,Perguruan Tinggi,64,43,False
DI Yogyakarta,Gunungkidul,2019,29,6,18,26723,SD,56,24,False
DI Yogyakarta,Gunungkidul,2020,28,6,26,13104,Perguruan Tinggi,81,26,False
DI Yogyakarta,Gunungkidul,2021,37,9,29,34166,SD,47,44,False
DI Yogyakarta,Gunungkidul,2022,18,8,19,45312,SMP,76,20,True
DI Yogyakarta,Gunungkidul,2023,28,8,20,7386,SD,55,38,False
DI Yogyakarta,Kulon Progo,2018,24,14,20,10508,SD,62,34,False
DI Yogyakarta,Kulon Progo,2019,39,11,22,41876,SMP,86,19,False
DI Yogyakarta,Kulon Progo,2020,28,7,28,10012,Tidak Sekolah,86,6,False
DI Yogyakarta,Kulon Progo,2021,30,7,29,10923,SMA,44,11,False
DI Yogyakarta,Kulon Progo,2022,44,5,13,8568,SMA,55,21,True
DI Yogyakarta,Kulon Progo,2023,20,15,20,18846,SD,51,15,True
Jawa Timur,Surabaya,2018,23,12,24,43559,SD,93,36,False
Jawa Timur,Surabaya,2019,26,6,17,12562,Perguruan Tinggi,46,20,False
Jawa Timur,Surabaya,2020,34,8,23,24807,SMA,58,18,False
Jawa Timur,Surabaya,2021,31,7,15,29651,Tidak Sekolah,88,20,True
Jawa Timur,Surabaya,2022,33,8,19,49797,SMA,59,26,False
Jawa Timur,Surabaya,2023,16,11,16,17711,SMP,94,44,False
Jawa Timur,Malang,2018,22,8,26,33325,SMA,58,32,False
Jawa Timur,Malang,2019,33,14,17,30989,SD,78,34,True
Jawa Timur,Malang,2020,35,14,18,14782,SMA,94,40,False
Jawa Timur,Malang,2021,21,12,13,38904,SMA,95,43,False
Jawa Timur,Malang,2022,16,6,17,19328,SMA,55,20,False
Jawa Timur,Malang,2023,29,6,28,38588,SMA,42,24,False
Jawa Timur,Kediri,2018,24,15,22,25408,SD,78,25,False
Jawa Timur,Kediri,2019,45,11,14,29049,SMP,68,10,True
Jawa Timur,Kediri,2020,44,11,21,47597,SMP,69,35,False
Jawa Timur,Kediri,2021,38,13,12,30854,SMA,75,47,False
Jawa Timur,Kediri,2022,16,11,10,5631,SMP,50,35,True
Jawa Timur,Kediri,2023,22,11,28,28573,SMA,73,30,False
Jawa Timur,Blitar,2018,22,10,19,49371,SMA,46,6,False
Jawa Timur,Blitar,2019,31,6,24,30860,SMA,63,23,False
Jawa Timur,Blitar,2020,18,5,27,16344,SMP,46,34,True
Jawa Timur,Blitar,2021,36,8,20,31527,SMA,90,8,False
Jawa Timur,Blitar,2022,22,11,24,37478,SD,71,31,True
Jawa Timur,Blitar,2023,18,8,12,20093,Perguruan Tinggi,48,22,False
Jawa Timur,Madiun,2018,22,14,20,18422,SMP,49,34,False
Jawa Timur,Madiun,2019,24,11,28,29460,SMA,62,20,False
Jawa Timur,Madiun,2020,27,10,17,14682,SMP,54,48,False
Jawa Timur,Madiun,2021,20,6,26,49689,SMA,87,26,False
Jawa Timur,Madiun,2022,32,5,18,32465,Tidak Sekolah,71,47,False
Jawa Timur,Madiun,2023,27,15,29,42780,SMA,42,50,False
Bali,Denpasar,2018,31,14,13,46570,SMA,68,50,False
Bali,Denpasar,2019,38,8,29,40128,SMA,89,34,False
Bali,Denpasar,2020,19,10,24,21903,SMP,80,45,True
Bali,Denpasar,2021,22,10,30,26265,SD,84,47,True
Bali,Denpasar,2022,34,7,25,28142,SD,89,30,False
Bali,Denpasar,2023,30,9,24,24889,SD,81,31,True
Bali,Singaraja,2018,28,13,16,13932,SMP,94,43,True
Bali,Singaraja,2019,35,6,23,37143,SMP,50,18,False
Bali,Singaraja,2020,35,7,22,14203,SMP,51,16,False
Bali,Singaraja,2021,43,7,21,11247,Perguruan Tinggi,84,41,False
Bali,Singaraja,2022,25,10,29,24491,SD,89,47,True
Bali,Singaraja,2023,29,7,11,46145,SMP,86,10,True
Bali,Tabanan,2018,23,12,24,45267,SMA,81,37,True
Bali,Tabanan,2019,29,11,24,33623,SMP,84,11,False
Bali,Tabanan,2020,23,14,17,18672,SD,60,32,True
Bali,Tabanan,2021,36,13,27,33933,SD,41,38,False
Bali,Tabanan,2022,32,8,21,14619,Tidak Sekolah,57,47,True
Bali,Tabanan,2023,34,8,14,10858,SMP,62,19,False
Bali,Gianyar,2018,37,13,18,35352,SMP,71,45,False
Bali,Gianyar,2019,40,12,23,33732,SD,83,10,True
Bali,Gianyar,2020,15,10,11,45101,SMA,68,34,True
Bali,Gianyar,2021,34,5,18,10884,SMA,50,48,True
Bali,Gianyar,2022,34,6,12,36954,SMP,44,14,True
Bali,Gianyar,2023,34,5,23,19066,SMP,72,16,False
Bali,Bangli,2018,42,10,25,36746,Perguruan Tinggi,70,27,False
Bali,Bangli,2019,43,12,16,25197,SD,60,44,False
Bali,Bangli,2020,18,7,14,29637,Perguruan Tinggi,52,18,False
Bali,Bangli,2021,39,7,25,9028,SD,70,14,False
Bali,Bangli,2022,35,12,15,46932,SD,51,6,True
Bali,Bangli,2023,32,7,13,45250,SMA,66,18,False
Nusa Tenggara Barat,Mataram,2018,27,11,18,36690,Perguruan Tinggi,77,27,True
Nusa Tenggara Barat,Mataram,2019,32,6,22,6842,SMP,45,36,False
Nusa Tenggara Barat,Mataram,2020,16,10,11,42807,SMA,54,43,False
Nusa Tenggara Barat,Mataram,2021,31,13,10,43686,SMA,40,24,False
Nusa Tenggara Barat,Mataram,2022,37,9,16,8352,SD,70,48,False
Nusa Tenggara Barat,Mataram,2023,42,14,22,12269,SD,77,48,True
Nusa Tenggara Barat,Bima,2018,43,7,26,38017,SMA,78,19,False
Nusa Tenggara Barat,Bima,2019,27,5,18,12716,SMP,62,29,False
Nusa Tenggara Barat,Bima,2020,23,11,21,20329,SMA,74,17,False
Nusa Tenggara Barat,Bima,2021,39,10,15,46273,SMA,86,28,False
Nusa Tenggara Barat,Bima,2022,43,12,18,17841,SD,64,32,False
Nusa Tenggara Barat,Bima,2023,31,5,29,43658,SMA,41,26,True
Nusa Tenggara Barat,Lombok Barat,2018,21,13,29,43897,SD,69,5,True
Nusa Tenggara Barat,Lombok Barat,2019,45,9,12,46625,Perguruan Tinggi,87,22,False
Nusa Tenggara Barat,Lombok Barat,2020,19,8,17,13310,SMP,73,40,False
Nusa Tenggara Barat,Lombok Barat,2021,27,6,25,24351,SMA,40,37,False
Nusa Tenggara Barat,Lombok Barat,2022,20,11,22,5438,SMP,50,17,False
Nusa Tenggara Barat,Lombok Barat,2023,44,10,29,26082,SMP,86,13,False
Nusa Tenggara Barat,Lombok Tengah,2018,41,6,20,17369,Perguruan Tinggi,82,39,False
Nusa Tenggara Barat,Lombok Tengah,2019,24,14,25,36569,SMP,49,8,False
Nusa Tenggara Barat,Lombok Tengah,2020,25,5,28,37595,SMA,44,20,False
Nusa Tenggara Barat,Lombok Tengah,2021,41,13,26,29537,SMP,54,45,False
Nusa Tenggara Barat,Lombok Tengah,2022,24,5,29,48104,SMP,84,10,False
Nusa Tenggara Barat,Lombok Tengah,2023,16,9,14,14451,SMP,78,21,False
Nusa Tenggara Barat,Dompu,2018,32,5,14,27517,SMA,80,46,False
Nusa Tenggara Barat,Dompu,2019,42,14,15,20825,SMP,74,38,True
Nusa Tenggara Barat,Dompu,2020,45,10,19,16651,SMA,52,19,False
Nusa Tenggara Barat,Dompu,2021,38,10,12,18255,SMA,81,36,False
Nusa Tenggara Barat,Dompu,2022,29,8,14,31230,Perguruan Tinggi,92,21,False
Nusa Tenggara Barat,Dompu,2023,17,13,29,39403,SMP,43,6,False
Nusa Tenggara Timur,Kupang,2018,24,7,17,9156,SMA,44,30,False
Nusa Tenggara Timur,Kupang,2019,35,10,13,38553,SD,40,36,False
Nusa Tenggara Timur,Kupang,2020,30,9,30,40942,Perguruan Tinggi,66,9,False
Nusa Tenggara Timur,Kupang,2021,16,11,15,38922,SD,50,13,False
Nusa Tenggara Timur,Kupang,2022,28,10,14,5521,Perguruan Tinggi,68,32,False
Nusa Tenggara Timur,Kupang,2023,26,15,26,48361,Tidak Sekolah,94,5,True
Nusa Tenggara Timur,Ende,2018,20,12,11,46688,SD,85,14,True
Nusa Tenggara Timur,Ende,2019,28,13,28,6768,SD,77,28,True
Nusa Tenggara Timur,Ende,2020,34,12,19,14616,SMA,52,44,False
Nusa Tenggara Timur,Ende,2021,20,8,26,37162,SMP,41,49,False
Nusa Tenggara Timur,Ende,2022,43,10,26,25608,Tidak Sekolah,60,45,False
Nusa Tenggara Timur,Ende,2023,37,6,23,38454,SMP,72,46,False
Nusa Tenggara Timur,Maumere,2018,28,7,22,44089,SMA,92,34,False
Nusa Tenggara Timur,Maumere,2019,20,10,21,6833,SD,74,41,False
Nusa Tenggara Timur,Maumere,2020,30,10,30,13664,SMA,70,19,False
Nusa Tenggara Timur,Maumere,2021,44,7,11,40879,SMP,60,13,False
Nusa Tenggara Timur,Maumere,2022,20,11,24,15646,SD,52,9,False
Nusa Tenggara Timur,Maumere,2023,30,9,26,11804,SMP,46,27,False
Nusa Tenggara Timur,Larantuka,2018,24,8,10,16316,Tidak Sekolah,76,38,False
Nusa Tenggara Timur,Larantuka,2019,31,11,28,35583,SMA,85,44,False
Nusa Tenggara Timur,Larantuka,2020,33,14,16,38123,Tidak Sekolah,70,19,False
Nusa Tenggara Timur,Larantuka,2021,18,8,24,11192,SMA,58,13,False
Nusa Tenggara Timur,Larantuka,2022,23,13,30,32693,SD,50,38,False
Nusa Tenggara Timur,Larantuka,2023,30,8,23,48558,SMP,91,7,False
Nusa Tenggara Timur,Ruteng,2018,30,7,15,6926,Perguruan Tinggi,57,25,False
Nusa Tenggara Timur,Ruteng,2019,43,12,16,39966,Perguruan Tinggi,46,7,False
Nusa Tenggara Timur,Ruteng,2020,18,11,16,17445,Perguruan Tinggi,66,10,False
Nusa Tenggara Timur,Ruteng,2021,32,11,17,37967,SMP,84,33,False
Nusa Tenggara Timur,Ruteng,2022,38,12,23,8882,SMP,88,46,False
Nusa Tenggara Timur,Ruteng,2023,45,15,24,35229,SMA,48,33,False
Kalimantan Barat,Pontianak,2018,40,12,23,13761,SMP,84,15,False
Kalimantan Barat,Pontianak,2019,32,11,18,28837,Perguruan Tinggi,79,21,False
Kalimantan Barat,Pontianak,2020,21,12,20,28141,SMA,55,34,False
Kalimantan Barat,Pontianak,2021,18,5,13,35620,SMA,68,35,False
Kalimantan Barat,Pontianak,2022,44,6,21,15617,SD,81,20,False
Kalimantan Barat,Pontianak,2023,17,10,22,37814,Tidak Sekolah,77,10,False
Kalimantan Barat,Singkawang,2018,23,9,23,33000,SMP,74,40,True
Kalimantan Barat,Singkawang,2019,26,11,22,34683,SMP,46,30,False
Kalimantan Barat,Singkawang,2020,25,11,14,31353,Perguruan Tinggi,74,12,True
Kalimantan Barat,Singkawang,2021,38,12,24,21396,Tidak Sekolah,69,28,False
Kalimantan Barat,Singkawang,2022,37,13,10,18667,SMP,83,24,True
Kalimantan Barat,Singkawang,2023,43,12,12,16097,SD,70,50,False
Kalimantan Barat,Sintang,2018,44,7,18,45275,SMP,58,34,False
Kalimantan Barat,Sintang,2019,18,10,30,12835,SD,46,43,False
Kalimantan Barat,Sintang,2020,39,11,13,5584,SD,60,24,False
Kalimantan Barat,Sintang,2021,35,11,27,24110,SMP,61,39,False
Kalimantan Barat,Sintang,2022,30,10,20,42209,Perguruan Tinggi,69,45,False
Kalimantan Barat,Sintang,2023,34,14,23,18592,SMP,60,50,False
Kalimantan Barat,Ketapang,2018,36,9,20,41091,SD,56,49,False
Kalimantan Barat,Ketapang,2019,22,12,26,30437,SMA,93,35,True
Kalimantan Barat,Ketapang,2020,43,15,10,22386,Perguruan Tinggi,67,34,False
Kalimantan Barat,Ketapang,2021,29,14,28,36023,SMP,91,9,False
Kalimantan Barat,Ketapang,2022,24,14,20,23701,Perguruan Tinggi,68,13,False
Kalimantan Barat,Ketapang,2023,34,11,12,5861,SMP,70,8,False
Kalimantan Barat,Mempawah,2018,31,9,21,22034,Perguruan Tinggi,75,34,False
Kalimantan Barat,Mempawah,2019,25,13,30,38624,SMP,74,26,True
Kalimantan Barat,Mempawah,2020,29,11,10,43753,SMP,64,44,False
Kalimantan Barat,Mempawah,2021,31,14,26,24121,Perguruan Tinggi,74,25,True
Kalimantan Barat,Mempawah,2022,27,9,26,8296,SMA,59,34,False
Kalimantan Barat,Mempawah,2023,16,13,22,38364,SD,67,5,False
Kalimantan Tengah,Palangka Raya,2018,39,12,29,12516,SMP,55,15,False
Kalimantan Tengah,Palangka Raya,2019,40,7,30,44403,SMP,65,37,False
Kalimantan Tengah,Palangka Raya,2020,36,13,21,40450,SMA,51,33,True
Kalimantan Tengah,Palangka Raya,2021,42,14,24,8561,SMA,42,45,False
Kalimantan Tengah,Palangka Raya,2022,22,8,17,36231,SMA,85,32,False
Kalimantan Tengah,Palangka Raya,2023,26,10,21,10168,SMA,40,38,True
Kalimantan Tengah,Sampit,2018,37,12,21,8084,SD,71,19,False
Kalimantan Tengah,Sampit,2019,20,14,17,29479,SMP,81,15,False
Kalimantan Tengah,Sampit,2020,16,8,19,11738,Perguruan Tinggi,60,47,False
Kalimantan Tengah,Sampit,2021,29,10,12,42439,Tidak Sekolah,81,24,True
Kalimantan Tengah,Sampit,2022,43,14,13,13974,SMP,68,49,False
Kalimantan Tengah,Sampit,2023,21,11,18,14312,Perguruan Tinggi,44,22,False
Kalimantan Tengah,Pangkalan Bun,2018,19,13,27,15601,Tidak Sekolah,67,47,False
Kalimantan Tengah,Pangkalan Bun,2019,30,5,16,18552,SMA,63,33,True
Kalimantan Tengah,Pangkalan Bun,2020,33,10,18,44741,Perguruan Tinggi,66,50,False
Kalimantan Tengah,Pangkalan Bun,2021,21,10,28,8790,SD,42,39,False
Kalimantan Tengah,Pangkalan Bun,2022,17,10,19,45848,SMA,59,9,False
Kalimantan Tengah,Pangkalan Bun,2023,36,7,20,15330,SMA,63,18,False
Kalimantan Tengah,Muara Teweh,2018,40,8,22,35218,Perguruan Tinggi,90,44,False
Kalimantan Tengah,Muara Teweh,2019,39,14,14,36180,SD,89,22,False
Kalimantan Tengah,Muara Teweh,2020,39,11,12,42559,SD,61,21,False
Kalimantan Tengah,Muara Teweh,2021,44,6,20,40942,SMP,76,22,False
Kalimantan Tengah,Muara Teweh,2022,40,11,13,40448,SD,71,27,False
Kalimantan Tengah,Muara Teweh,2023,26,14,16,8303,Perguruan Tinggi,71,38,True
Kalimantan Tengah,Tamiang Layang,2018,42,13,26,27292,SD,76,10,True
Kalimantan Tengah,Tamiang Layang,2019,22,12,29,9319,SMP,89,24,False
Kalimantan Tengah,Tamiang Layang,2020,31,10,25,39182,SMA,74,45,False
Kalimantan Tengah,Tamiang Layang,2021,20,10,13,8606,SMA,46,34,True
Kalimantan Tengah,Tamiang Layang,2022,28,15,29,39963,SD,78,46,True
Kalimantan Tengah,Tamiang Layang,2023,45,7,25,22120,SD,49,40,False
Kalimantan Selatan,Banjarmasin,2018,17,14,28,12839,SMA,54,45,True
Kalimantan Selatan,Banjarmasin,2019,30,10,19,16175,SMP,40,41,False
Kalimantan Selatan,Banjarmasin,2020,23,7,15,46726,SMP,62,33,False
Kalimantan Selatan,Banjarmasin,2021,31,12,26,33577,SD,44,33,False
Kalimantan Selatan,Banjarmasin,2022,16,9,10,14147,SD,55,36,False
Kalimantan Selatan,Banjarmasin,2023,37,9,13,37224,SMA,77,47,False
Kalimantan Selatan,Banjarbaru,2018,18,6,15,28354,SMP,79,17,True
Kalimantan Selatan,Banjarbaru,2019,26,11,24,44764,SD,74,22,False
Kalimantan Selatan,Banjarbaru,2020,44,6,28,32302,SMP,90,50,False
Kalimantan Selatan,Banjarbaru,2021,42,15,15,25695,SMP,63,21,False
Kalimantan Selatan,Banjarbaru,2022,37,7,26,25636,SD,77,8,False
Kalimantan Selatan,Banjarbaru,2023,16,10,22,30363,SD,69,19,False
Kalimantan Selatan,Martapura,2018,16,6,11,30164,SD,50,42,False
Kalimantan Selatan,Martapura,2019,15,6,21,8642,SMA,41,50,False
Kalimantan Selatan,Martapura,2020,39,12,20,38739,Perguruan Tinggi,50,23,False
Kalimantan Selatan,Martapura,2021,30,9,11,48141,Perguruan Tinggi,54,34,False
Kalimantan Selatan,Martapura,2022,22,13,25,43834,SMP,75,12,True
Kalimantan Selatan,Martapura,2023,34,12,19,6320,SMP,70,38,False
Kalimantan Selatan,Kandangan,2018,34,8,27,20775,Perguruan Tinggi,67,36,False
Kalimantan Selatan,Kandangan,2019,24,6,10,47558,Tidak Sekolah,49,12,False
Kalimantan Selatan,Kandangan,2020,20,12,24,47176,SD,89,34,True
Kalimantan Selatan,Kandangan,2021,40,15,23,12780,SMA,70,20,False
Kalimantan Selatan,Kandangan,2022,44,8,16,33118,Perguruan Tinggi,82,32,True
Kalimantan Selatan,Kandangan,2023,34,8,22,32889,SD,83,29,False
Kalimantan Selatan,Barabai,2018,27,10,14,42705,SD,53,16,True
Kalimantan Selatan,Barabai,2019,25,11,24,28703,SMP,84,17,False
Kalimantan Selatan,Barabai,2020,28,13,26,21100,SMP,50,18,False
Kalimantan Selatan,Barabai,2021,33,10,21,49369,SD,50,47,False
Kalimantan Selatan,Barabai,2022,21,9,18,13957,SMP,89,33,True
Kalimantan Selatan,Barabai,2023,26,6,17,14542,SMP,72,28,False
Kalimantan Timur,Samarinda,2018,18,10,14,36423,SD,47,27,True
Kalimantan Timur,Samarinda,2019,29,11,26,26036,SMP,94,48,False
Kalimantan Timur,Samarinda,2020,27,10,19,32302,SD,93,34,False
Kalimantan Timur,Samarinda,2021,20,12,17,8931,SMP,66,8,True
Kalimantan Timur,Samarinda,2022,44,13,26,21906,Perguruan Tinggi,53,20,True
Kalimantan Timur,Samarinda,2023,15,7,13,20480,SMA,70,46,False
Kalimantan Timur,Balikpapan,2018,31,9,22,14827,SMP,69,5,False
Kalimantan Timur,Balikpapan,2019,28,6,22,38790,SD,73,40,True
Kalimantan Timur,Balikpapan,2020,38,14,10,35015,Perguruan Tinggi,60,39,False
Kalimantan Timur,Balikpapan,2021,42,11,27,6696,SMA,88,30,False
Kalimantan Timur,Balikpapan,2022,23,14,22,32859,SMA,68,13,False
Kalimantan Timur,Balikpapan,2023,32,12,14,20140,Tidak Sekolah,59,37,False
Kalimantan Timur,Bontang,2018,19,6,18,34961,Perguruan Tinggi,53,13,False
Kalimantan Timur,Bontang,2019,27,9,27,10668,SMA,92,37,False
Kalimantan Timur,Bontang,2020,32,5,10,31844,Perguruan Tinggi,72,8,False
Kalimantan Timur,Bontang,2021,31,7,24,38318,SMP,63,42,False
Kalimantan Timur,Bontang,2022,31,8,14,20370,SMP,68,17,True
Kalimantan Timur,Bontang,2023,25,8,30,9414,SD,45,25,True
Kalimantan Timur,Kutai Kartanegara,2018,45,7,27,43339,Perguruan Tinggi,53,15,False
Kalimantan Timur,Kutai Kartanegara,2019,26,10,13,10902,SMP,64,37,False
Kalimantan Timur,Kutai Kartanegara,2020,41,9,22,10900,SMA,86,14,False
Kalimantan Timur,Kutai Kartanegara,2021,37,10,12,38501,SMA,77,49,False
Kalimantan Timur,Kutai Kartanegara,2022,16,7,12,26562,SD,82,15,False
Kalimantan Timur,Kutai Kartanegara,2023,36,12,29,10981,SMA,83,42,False
Kalimantan Timur,Berau,2018,36,11,10,47631,SD,42,37,False
Kalimantan Timur,Berau,2019,27,8,23,43696,Tidak Sekolah,45,43,False
Kalimantan Timur,Berau,2020,40,9,24,42534,SMA,58,14,True
Kalimantan Timur,Berau,2021,21,12,29,24666,SD,76,50,True
Kalimantan Timur,Berau,2022,28,7,25,12256,Perguruan Tinggi,82,32,False
Kalimantan Timur,Berau,2023,36,11,25,14264,SMA,62,39,True
Kalimantan Utara,Tarakan,2018,26,13,30,39984,SMP,75,29,False
Kalimantan Utara,Tarakan,2019,36,7,20,11486,SMP,69,11,False
Kalimantan Utara,Tarakan,2020,31,15,10,9556,SMP,49,15,True
Kalimantan Utara,Tarakan,2021,17,13,20,7224,SD,56,11,False
Kalimantan Utara,Tarakan,2022,19,10,12,49744,SMP,65,18,False
Kalimantan Utara,Tarakan,2023,40,14,28,6719,SMP,92,6,False
Kalimantan Utara,Nunukan,2018,22,11,15,41841,SMA,65,40,True
Kalimantan Utara,Nunukan,2019,32,8,27,42512,SMA,50,30,True
Kalimantan Utara,Nunukan,2020,35,13,16,12282,SMP,47,24,False
Kalimantan Utara,Nunukan,2021,37,10,26,27356,SD,49,31,True
Kalimantan Utara,Nunukan,2022,35,14,28,29275,SMP,73,6,True
Kalimantan Utara,Nunukan,2023,26,13,17,11285,Perguruan Tinggi,58,27,True
Kalimantan Utara,Malinau,2018,35,11,16,21771,Tidak Sekolah,94,46,True
Kalimantan Utara,Malinau,2019,43,9,21,15993,SD,81,46,False
Kalimantan Utara,Malinau,2020,19,14,22,33868,SMP,49,45,False
Kalimantan Utara,Malinau,2021,36,9,24,40596,SMP,55,9,False
Kalimantan Utara,Malinau,2022,34,9,12,11315,SD,56,9,False
Kalimantan Utara,Malinau,2023,31,7,14,16452,SMP,65,7,False
Kalimantan Utara,Tana Tidung,2018,29,11,23,45412,SMP,66,50,False
Kalimantan Utara,Tana Tidung,2019,22,7,16,12426,SD,94,26,True
Kalimantan Utara,Tana Tidung,2020,21,10,20,10660,Perguruan Tinggi,68,6,True
Kalimantan Utara,Tana Tidung,2021,44,10,28,32269,SMP,42,36,False
Kalimantan Utara,Tana Tidung,2022,17,10,27,46041,SMA,50,20,False
Kalimantan Utara,Tana Tidung,2023,28,10,10,27827,SMP,81,11,False
Kalimantan Utara,Bulungan,2018,25,12,15,46899,SD,64,46,False
Kalimantan Utara,Bulungan,2019,23,6,19,27226,SMP,63,34,False
Kalimantan Utara,Bulungan,2020,24,8,22,12903,SMP,93,36,False
Kalimantan Utara,Bulungan,2021,25,15,28,43730,SMA,79,13,True
Kalimantan Utara,Bulungan,2022,18,15,16,18190,Perguruan Tinggi,48,11,False
Kalimantan Utara,Bulungan,2023,33,8,12,30025,SMA,44,41,False
Sulawesi Utara,Manado,2018,42,11,24,23874,SMA,58,45,True
Sulawesi Utara,Manado,2019,40,12,23,21305,SMA,81,11,False
Sulawesi Utara,Manado,2020,36,6,17,13857,SD,42,42,False
Sulawesi Utara,Manado,2021,21,12,19,9793,SD,51,11,True
Sulawesi Utara,Manado,2022,24,13,12,37026,SMP,40,40,False
Sulawesi Utara,Manado,2023,37,8,15,38612,SMA,76,48,False
Sulawesi Utara,Bitung,2018,20,11,26,12319,SMA,77,37,False
Sulawesi Utara,Bitung,2019,44,14,28,18225,SMA,74,8,False
Sulawesi Utara,Bitung,2020,36,8,23,27390,SMP,71,31,False
Sulawesi Utara,Bitung,2021,25,11,27,7163,SMA,80,18,True
Sulawesi Utara,Bitung,2022,19,7,26,28569,SD,68,48,False
Sulawesi Utara,Bitung,2023,34,14,12,33536,Perguruan Tinggi,61,17,False
Sulawesi Utara,Tomohon,2018,38,10,17,8410,SD,92,37,True
Sulawesi Utara,Tomohon,2019,38,11,10,8494,SMP,62,14,False
Sulawesi Utara,Tomohon,2020,19,6,19,45489,SD,48,35,True
Sulawesi Utara,Tomohon,2021,32,8,16,25180,SMP,91,7,False
Sulawesi Utara,Tomohon,2022,27,12,28,47704,SD,61,40,False
Sulawesi Utara,Tomohon,2023,34,11,20,31650,SMP,74,33,True
Sulawesi Utara,Kotamobagu,2018,35,8,12,14776,SMP,79,49,False
Sulawesi Utara,Kotamobagu,2019,18,10,22,7550,SD,43,43,False
Sulawesi Utara,Kotamobagu,2020,18,11,20,8112,Perguruan Tinggi,85,17,False
Sulawesi Utara,Kotamobagu,2021,18,10,27,49899,SMP,72,34,True
Sulawesi Utara,Kotamobagu,2022,17,13,30,5960,SD,70,7,False
Sulawesi Utara,Kotamobagu,2023,27,5,25,11364,SMP,50,33,True
Sulawesi Utara,Minahasa,2018,42,7,18,20686,SD,59,11,False
Sulawesi Utara,Minahasa,2019,39,14,20,41985,Perguruan Tinggi,60,7,False
Sulawesi Utara,Minahasa,2020,23,9,12,32268,SMA,94,12,False
Sulawesi Utara,Minahasa,2021,44,5,30,49177,SD,55,36,False
Sulawesi Utara,Minahasa,2022,43,8,16,8128,SMP,80,40,True
Sulawesi Utara,Minahasa,2023,32,7,22,18755,SD,41,14,False
Sulawesi Tengah,Palu,2018,22,11,22,31444,SD,82,28,False
Sulawesi Tengah,Palu,2019,27,6,25,16363,SMP,69,50,False
Sulawesi Tengah,Palu,2020,26,7,23,11516,SMP,94,27,False
Sulawesi Tengah,Palu,2021,28,13,16,41184,SMA,80,38,False
Sulawesi Tengah,Palu,2022,41,10,24,33250,SMP,66,16,False
Sulawesi Tengah,Palu,2023,25,10,28,43641,Perguruan Tinggi,92,37,False
Sulawesi Tengah,Poso,2018,27,13,10,21833,SD,91,47,True
Sulawesi Tengah,Poso,2019,33,9,26,42179,Tidak Sekolah,85,49,True
Sulawesi Tengah,Poso,2020,37,13,12,9108,Perguruan Tinggi,70,21,True
Sulawesi Tengah,Poso,2021,44,9,21,46623,Perguruan Tinggi,79,26,False
Sulawesi Tengah,Poso,2022,30,8,13,10076,SMP,56,43,True
Sulawesi Tengah,Poso,2023,35,5,14,40251,SMA,75,21,True
Sulawesi Tengah,Donggala,2018,30,9,19,40303,SD,80,28,True
Sulawesi Tengah,Donggala,2019,40,12,24,44216,Perguruan Tinggi,70,50,False
Sulawesi Tengah,Donggala,2020,34,9,24,18806,SMA,72,23,False
Sulawesi Tengah,Donggala,2021,35,5,13,13134,Perguruan Tinggi,75,32,True
Sulawesi Tengah,Donggala,2022,37,7,14,36336,SD,64,34,False
Sulawesi Tengah,Donggala,2023,34,10,11,6151,Perguruan Tinggi,95,19,False
Sulawesi Tengah,Tolitoli,2018,28,12,18,18182,SMA,41,20,False
Sulawesi Tengah,Tolitoli,2019,18,5,27,32085,SMP,72,12,False
Sulawesi Tengah,Tolitoli,2020,25,12,13,5370,Tidak Sekolah,53,19,False
Sulawesi Tengah,Tolitoli,2021,36,12,11,48201,SMP,59,37,False
Sulawesi Tengah,Tolitoli,2022,43,6,19,49365,SMP,61,34,True
Sulawesi Tengah,Tolitoli,2023,33,14,25,23239,SMA,81,22,False
Sulawesi Tengah,Luwuk,2018,33,12,21,42668,SMP,63,33,True
Sulawesi Tengah,Luwuk,2019,35,10,17,6691,SD,56,10,False
Sulawesi Tengah,Luwuk,2020,42,11,20,9294,SMA,68,50,False
Sulawesi Tengah,Luwuk,2021,37,10,23,25048,SMP,68,15,False
Sulawesi Tengah,Luwuk,2022,18,10,27,19308,Perguruan Tinggi,66,15,False
Sulawesi Tengah,Luwuk,2023,19,7,28,34251,SMA,42,9,False
Sulawesi Selatan,Makassar,2018,32,11,25,39362,SMP,51,50,False
Sulawesi Selatan,Makassar,2019,20,9,11,47172,SMA,91,14,False
Sulawesi Selatan,Makassar,2020,17,13,11,17040,Perguruan Tinggi,76,38,True
Sulawesi Selatan,Makassar,2021,45,11,11,27939,SD,82,31,True
Sulawesi Selatan,Makassar,2022,21,10,28,46435,SMA,54,20,True
Sulawesi Selatan,Makassar,2023,42,5,27,49693,SMA,90,25,False
Sulawesi Selatan,Parepare,2018,34,9,10,41618,SMP,59,29,True
Sulawesi Selatan,Parepare,2019,37,6,15,18671,SMP,44,38,False
Sulawesi Selatan,Parepare,2020,32,11,22,46531,SMP,62,7,False
Sulawesi Selatan,Parepare,2021,18,10,25,15270,SMA,71,16,False
Sulawesi Selatan,Parepare,2022,39,11,17,31652,SMP,84,30,True
Sulawesi Selatan,Parepare,2023,36,6,11,18159,SMA,59,10,True
Sulawesi Selatan,Palopo,2018,42,7,23,37181,SMP,81,39,False
Sulawesi Selatan,Palopo,2019,18,8,20,40784,SMP,68,49,False
Sulawesi Selatan,Palopo,2020,25,12,18,18282,SD,48,49,False
Sulawesi Selatan,Palopo,2021,20,13,18,48605,SMP,63,42,False
Sulawesi Selatan,Palopo,2022,24,6,19,44635,SMP,42,13,False
Sulawesi Selatan,Palopo,2023,26,6,11,43284,SMA,70,45,False
Sulawesi Selatan,Gowa,2018,28,11,20,36909,SMP,90,22,True
Sulawesi Selatan,Gowa,2019,34,8,28,41874,SMP,50,13,True
Sulawesi Selatan,Gowa,2020,39,9,24,37972,SMP,42,8,True
Sulawesi Selatan,Gowa,2021,33,12,14,21543,SMP,49,19,False
Sulawesi Selatan,Gowa,2022,42,6,17,16518,SMP,69,35,False
Sulawesi Selatan,Gowa,2023,18,14,28,49643,SMA,93,41,True
Sulawesi Selatan,Maros,2018,31,7,18,41014,SD,90,7,False
Sulawesi Selatan,Maros,2019,18,6,26,34841,SD,89,5,False
Sulawesi Selatan,Maros,2020,31,14,25,48029,SMA,44,8,True
Sulawesi Selatan,Maros,2021,16,9,24,48708,SD,48,21,False
Sulawesi Selatan,Maros,2022,32,10,27,43651,SMP,51,23,False
Sulawesi Selatan,Maros,2023,42,15,10,11765,SMP,52,8,False
Sulawesi Tenggara,Kendari,2018,17,8,18,37342,SMP,67,43,False
Sulawesi Tenggara,Kendari,2019,35,14,18,40702,Perguruan Tinggi,64,39,False
Sulawesi Tenggara,Kendari,2020,26,12,28,9803,SD,44,27,False
Sulawesi Tenggara,Kendari,2021,40,15,24,31945,SD,73,24,True
Sulawesi Tenggara,Kendari,2022,37,13,28,34824,SMP,63,22,False
Sulawesi Tenggara,Kendari,2023,37,10,24,36608,SMP,80,23,True
Sulawesi Tenggara,Baubau,2018,44,13,19,33985,SD,40,11,True
Sulawesi Tenggara,Baubau,2019,22,12,28,5409,SMP,83,21,True
Sulawesi Tenggara,Baubau,2020,30,9,20,28944,SMP,44,12,False
Sulawesi Tenggara,Baubau,2021,24,10,24,21198,SD,47,41,False
Sulawesi Tenggara,Baubau,2022,32,13,26,41790,SMA,64,5,False
Sulawesi Tenggara,Baubau,2023,28,15,20,49815,SMP,62,45,False
Sulawesi Tenggara,Kolaka,2018,27,12,20,43850,SMP,79,41,False
Sulawesi Tenggara,Kolaka,2019,31,14,29,15207,SMP,67,34,True
Sulawesi Tenggara,Kolaka,2020,38,10,11,31437,SMP,42,26,True
Sulawesi Tenggara,Kolaka,2021,18,9,29,37081,SMA,92,37,False
Sulawesi Tenggara,Kolaka,2022,17,8,30,44435,SD,53,40,False
Sulawesi Tenggara,Kolaka,2023,20,11,26,28894,SMA,76,7,True
Sulawesi Tenggara,Bombana,2018,15,10,26,8697,SD,85,26,False
Sulawesi Tenggara,Bombana,2019,17,12,24,10634,SMA,78,32,True
Sulawesi Tenggara,Bombana,2020,35,7,11,32129,SMP,82,32,False
Sulawesi Tenggara,Bombana,2021,44,11,25,15779,SMA,58,13,False
Sulawesi Tenggara,Bombana,2022,34,14,26,45346,Perguruan Tinggi,59,48,True
Sulawesi Tenggara,Bombana,2023,42,12,18,43444,SD,58,12,False
Sulawesi Tenggara,Wakatobi,2018,18,7,27,14592,Perguruan Tinggi,54,48,True
Sulawesi Tenggara,Wakatobi,2019,41,10,18,49504,SD,69,47,False
Sulawesi Tenggara,Wakatobi,2020,41,11,16,15649,SMP,78,45,False
Sulawesi Tenggara,Wakatobi,2021,35,11,17,18524,Tidak Sekolah,55,44,False
Sulawesi Tenggara,Wakatobi,2022,18,13,18,39404,SMP,67,19,False
Sulawesi Tenggara,Wakatobi,2023,28,9,26,17715,SD,64,27,True
Gorontalo,Gorontalo,2018,25,8,28,12225,SMA,79,35,False
Gorontalo,Gorontalo,2019,34,10,29,45647,SMA,74,31,False
Gorontalo,Gorontalo,2020,34,9,10,42846,SD,43,17,False
Gorontalo,Gorontalo,2021,27,8,24,16981,SMP,45,11,False
Gorontalo,Gorontalo,2022,28,8,12,21547,SMA,40,47,True
Gorontalo,Gorontalo,2023,27,10,27,19276,SD,88,23,True
Gorontalo,Limboto,2018,18,10,14,10047,SMP,70,12,False
Gorontalo,Limboto,2019,20,15,25,26500,SD,65,35,False
Gorontalo,Limboto,2020,32,6,19,18079,Perguruan Tinggi,80,12,False
Gorontalo,Limboto,2021,35,15,28,47619,SMP,48,14,False
Gorontalo,Limboto,2022,24,7,15,32291,SD,63,10,False
Gorontalo,Limboto,2023,33,7,20,27490,SMP,61,42,False
Gorontalo,Tilamuta,2018,35,8,14,42430,SMA,79,49,False
Gorontalo,Tilamuta,2019,26,14,22,30330,SMP,82,16,False
Gorontalo,Tilamuta,2020,24,11,10,27264,SMA,82,25,False
Gorontalo,Tilamuta,2021,41,14,12,34948,SD,72,35,False
Gorontalo,Tilamuta,2022,42,14,19,40039,SMP,93,14,False
Gorontalo,Tilamuta,2023,32,11,22,23735,SD,78,50,False
Gorontalo,Marisa,2018,37,11,11,44371,SMP,73,5,False
Gorontalo,Marisa,2019,41,12,19,20470,SMA,57,13,True
Gorontalo,Marisa,2020,28,8,15,12426,SMP,80,37,False
Gorontalo,Marisa,2021,38,12,24,12596,SMA,93,19,True
Gorontalo,Marisa,2022,27,14,18,12036,SMA,71,27,False
Gorontalo,Marisa,2023,21,12,19,8593,SD,43,49,False
Gorontalo,Kwandang,2018,19,10,19,33478,SMP,63,35,True
Gorontalo,Kwandang,2019,39,6,26,5208,SD,76,10,True
Gorontalo,Kwandang,2020,35,9,30,21530,SD,60,8,False
Gorontalo,Kwandang,2021,25,11,23,18349,Perguruan Tinggi,81,37,False
Gorontalo,Kwandang,2022,20,8,16,48763,SD,67,28,False
Gorontalo,Kwandang,2023,37,13,24,15029,SD,65,12,True
Sulawesi Barat,Mamuju,2018,20,14,27,11644,SMP,70,13,True
Sulawesi Barat,Mamuju,2019,38,7,14,42873,SMA,47,18,False
Sulawesi Barat,Mamuju,2020,26,5,15,15187,SMP,67,36,False
Sulawesi Barat,Mamuju,2021,39,9,22,29545,Tidak Sekolah,68,10,False
Sulawesi Barat,Mamuju,2022,22,12,22,15342,SMA,81,13,True
Sulawesi Barat,Mamuju,2023,17,7,13,49732,SMP,87,44,False
Sulawesi Barat,Polewali,2018,34,6,12,46640,SD,91,18,False
Sulawesi Barat,Polewali,2019,26,12,12,17196,SMP,71,18,False
Sulawesi Barat,Polewali,2020,30,12,18,9331,SMP,54,25,False
Sulawesi Barat,Polewali,2021,36,10,14,45723,Tidak Sekolah,77,15,False
Sulawesi Barat,Polewali,2022,21,13,10,44669,SD,54,16,True
Sulawesi Barat,Polewali,2023,20,11,28,8485,Perguruan Tinggi,74,34,False
Sulawesi Barat,Majene,2018,32,14,10,14393,SMA,79,14,False
Sulawesi Barat,Majene,2019,38,10,16,41131,SD,73,34,False
Sulawesi Barat,Majene,2020,22,8,25,49153,SMA,66,40,False
Sulawesi Barat,Majene,2021,19,8,26,41590,SMA,55,13,True
Sulawesi Barat,Majene,2022,36,7,11,18574,Perguruan Tinggi,44,12,False
Sulawesi Barat,Majene,2023,16,9,15,37215,SMP,62,21,True
Sulawesi Barat,Mamasa,2018,30,11,14,27127,SMA,82,16,False
Sulawesi Barat,Mamasa,2019,33,15,26,37771,SMP,71,35,False
Sulawesi Barat,Mamasa,2020,17,10,17,16846,Perguruan Tinggi,57,21,False
Sulawesi Barat,Mamasa,2021,21,10,18,7142,SMP,55,40,False
Sulawesi Barat,Mamasa,2022,25,6,30,42899,SMP,40,12,False
Sulawesi Barat,Mamasa,2023,36,14,16,40877,Perguruan Tinggi,93,41,False
Sulawesi Barat,Pasangkayu,2018,16,7,27,45186,SMP,64,10,True
Sulawesi Barat,Pasangkayu,2019,25,10,17,23660,SMP,55,41,True
Sulawesi Barat,Pasangkayu,2020,35,14,13,15058,Tidak Sekolah,62,5,False
Sulawesi Barat,Pasangkayu,2021,42,6,11,19313,SMA,66,8,False
Sulawesi Barat,Pasangkayu,2022,39,14,21,33099,SMA,61,29,False
Sulawesi Barat,Pasangkayu,2023,16,8,12,36172,SMA,82,31,False
Maluku,Ambon,2018,43,8,21,49374,SMA,63,20,False
Maluku,Ambon,2019,16,10,11,21899,Perguruan Tinggi,78,17,False
Maluku,Ambon,2020,32,15,27,12892,SMP,67,43,False
Maluku,Ambon,2021,21,10,17,7719,SMA,79,43,False
Maluku,Ambon,2022,23,15,12,5980,Perguruan Tinggi,54,37,False
Maluku,Ambon,2023,18,6,16,21125,SMP,75,16,False
Maluku,Tual,2018,35,9,21,40059,SD,86,17,True
Maluku,Tual,2019,40,13,24,36454,SD,82,7,True
Maluku,Tual,2020,40,12,21,19649,SD,73,32,False
Maluku,Tual,2021,36,14,27,8092,SMP,85,43,False
Maluku,Tual,2022,35,15,23,43774,SMP,48,10,False
Maluku,Tual,2023,25,5,22,45246,SMP,52,28,True
Maluku,Masohi,2018,31,9,12,45376,SMP,54,21,False
Maluku,Masohi,2019,42,14,25,10590,SMP,46,48,False
Maluku,Masohi,2020,22,9,22,19177,SD,80,8,False
Maluku,Masohi,2021,22,14,17,14930,SMP,78,24,False
Maluku,Masohi,2022,38,12,29,22765,SMA,42,5,False
Maluku,Masohi,2023,34,9,18,20810,SMA,68,24,False
Maluku,Namlea,2018,18,12,17,47202,SMA,81,15,False
Maluku,Namlea,2019,45,5,28,11306,SMA,60,33,False
Maluku,Namlea,2020,24,5,13,47331,SD,50,43,True
Maluku,Namlea,2021,28,11,17,20057,Perguruan Tinggi,52,38,True
Maluku,Namlea,2022,43,8,19,43291,SMA,51,7,True
Maluku,Namlea,2023,17,13,29,24004,SD,60,29,False
Maluku,Langgur,2018,23,7,12,43610,SD,51,27,False
Maluku,Langgur,2019,23,9,14,14540,SD,52,29,False
Maluku,Langgur,2020,41,6,28,10900,SD,83,41,False
Maluku,Langgur,2021,41,9,25,42788,Tidak Sekolah,43,47,False
Maluku,Langgur,2022,24,6,12,22691,SMA,67,5,False
Maluku,Langgur,2023,42,5,23,44266,SMA,80,17,False
Maluku Utara,Ternate,2018,29,15,28,22176,Perguruan Tinggi,44,28,False
Maluku Utara,Ternate,2019,23,5,14,45326,SMP,71,13,False
Maluku Utara,Ternate,2020,42,14,14,16874,SMA,50,38,False
Maluku Utara,Ternate,2021,40,6,20,21693,Tidak Sekolah,47,35,False
Maluku Utara,Ternate,2022,41,13,18,23381,SMP,64,44,False
Maluku Utara,Ternate,2023,16,8,20,34067,SMP,67,45,False
Maluku Utara,Tidore,2018,42,7,25,49462,SD,66,23,False
Maluku Utara,Tidore,2019,31,12,23,7832,SD,85,40,False
Maluku Utara,Tidore,2020,21,5,17,45072,SMP,92,19,False
Maluku Utara,Tidore,2021,44,6,27,8047,SMA,89,42,False
Maluku Utara,Tidore,2022,17,9,20,7484,SMP,77,19,False
Maluku Utara,Tidore,2023,40,7,20,28114,SMP,78,43,False
Maluku Utara,Sofifi,2018,16,11,26,42272,SMA,85,21,True
Maluku Utara,Sofifi,2019,20,9,28,12488,Perguruan Tinggi,95,33,True
Maluku Utara,Sofifi,2020,22,8,26,16304,Tidak Sekolah,95,18,False
Maluku Utara,Sofifi,2021,16,15,19,49951,SMA,79,44,True
Maluku Utara,Sofifi,2022,39,12,21,10726,SD,92,12,False
Maluku Utara,Sofifi,2023,34,11,11,46237,SMA,45,12,False
Maluku Utara,Labuha,2018,17,13,16,22523,SMP,64,38,True
Maluku Utara,Labuha,2019,21,14,30,33574,SMA,81,35,True
Maluku Utara,Labuha,2020,43,7,27,15529,SD,55,43,False
Maluku Utara,Labuha,2021,43,9,26,48276,SMP,54,31,False
Maluku Utara,Labuha,2022,35,9,11,17254,SD,82,16,True
Maluku Utara,Labuha,2023,44,14,25,36188,SMP,77,37,True
Maluku Utara,Sanana,2018,23,9,20,27481,Perguruan Tinggi,77,40,False
Maluku Utara,Sanana,2019,20,7,24,7545,SMP,48,42,False
Maluku Utara,Sanana,2020,23,12,12,5488,Perguruan Tinggi,61,44,False
Maluku Utara,Sanana,2021,24,13,27,24526,Perguruan Tinggi,89,21,False
Maluku Utara,Sanana,2022,29,11,21,13651,SMP,46,23,False
Maluku Utara,Sanana,2023,27,9,23,28125,Perguruan Tinggi,52,9,False
Papua,Jayapura,2018,19,5,15,27762,SMP,45,19,True
Papua,Jayapura,2019,20,13,21,9214,SMA,90,40,True
Papua,Jayapura,2020,24,7,29,39537,SD,48,9,True
Papua,Jayapura,2021,25,10,29,42833,SMP,79,13,False
Papua,Jayapura,2022,36,10,19,9112,SMA,55,42,False
Papua,Jayapura,2023,24,12,11,48355,SMA,88,7,False
Papua,Timika,2018,20,12,26,46085,Perguruan Tinggi,70,46,True
Papua,Timika,2019,45,12,13,7717,Perguruan Tinggi,40,17,False
Papua,Timika,2020,41,12,17,22234,SMP,95,19,False
Papua,Timika,2021,29,12,29,26034,Perguruan Tinggi,73,48,False
Papua,Timika,2022,16,12,15,9538,SD,67,26,True
Papua,Timika,2023,27,14,14,36909,SD,66,44,False
Papua,Wamena,2018,18,14,25,5883,SMA,84,28,True
Papua,Wamena,2019,40,6,15,19328,SMA,78,12,False
Papua,Wamena,2020,17,11,16,40410,SD,70,10,False
Papua,Wamena,2021,44,7,20,13103,SMP,89,34,True
Papua,Wamena,2022,44,6,20,7452,SD,52,50,False
Papua,Wamena,2023,26,6,23,44589,SD,50,28,False
Papua,Biak,2018,16,5,18,33172,Perguruan Tinggi,72,46,False
Papua,Biak,2019,45,6,28,37215,SD,82,31,True
Papua,Biak,2020,37,14,29,41980,Perguruan Tinggi,87,10,False
Papua,Biak,2021,32,13,18,9703,SMP,71,41,False
Papua,Biak,2022,43,10,14,31990,Perguruan Tinggi,42,38,False
Papua,Biak,2023,39,5,12,30188,SMP,82,10,False
Papua,Merauke,2018,40,10,25,16044,SMP,43,38,False
Papua,Merauke,2019,36,7,30,25001,SMA,90,23,False
Papua,Merauke,2020,41,12,13,20065,SD,54,28,False
Papua,Merauke,2021,26,6,12,41080,Perguruan Tinggi,42,15,False
Papua,Merauke,2022,41,12,11,12811,SMP,48,48,False
Papua,Merauke,2023,20,12,20,48477,SMP,93,18,False
Papua Barat,Manokwari,2018,39,6,19,16273,SMP,41,5,True
Papua Barat,Manokwari,2019,30,13,26,19129,SD,42,17,False
Papua Barat,Manokwari,2020,45,9,29,32625,Perguruan Tinggi,91,11,False
Papua Barat,Manokwari,2021,41,9,25,19927,SD,76,48,False
Papua Barat,Manokwari,2022,34,8,30,14266,SD,88,5,False
Papua Barat,Manokwari,2023,41,11,17,33716,SMP,73,28,False
Papua Barat,Sorong,2018,35,13,26,27925,Perguruan Tinggi,74,8,True
Papua Barat,Sorong,2019,36,13,20,45539,SMA,87,37,False
Papua Barat,Sorong,2020,29,13,23,7740,SMA,76,38,False
Papua Barat,Sorong,2021,18,13,25,24235,SD,94,22,True
Papua Barat,Sorong,2022,26,7,15,41647,SD,72,15,False
Papua Barat,Sorong,2023,29,12,10,42111,SMA,61,31,False
Papua Barat,Fakfak,2018,18,12,21,36828,SD,82,42,True
Papua Barat,Fakfak,2019,28,8,21,26512,SMA,87,13,False
Papua Barat,Fakfak,2020,27,10,22,12057,Perguruan Tinggi,76,11,False
Papua Barat,Fakfak,2021,29,6,20,22482,SMA,47,8,False
Papua Barat,Fakfak,2022,41,9,17,13739,SMA,76,34,False
Papua Barat,Fakfak,2023,31,7,20,43837,SD,68,7,False
Papua Barat,Kaimana,2018,44,6,20,16034,SD,70,36,True
Papua Barat,Kaimana,2019,19,11,15,12329,Perguruan Tinggi,78,43,False
Papua Barat,Kaimana,2020,34,7,25,23284,SD,52,42,True
Papua Barat,Kaimana,2021,18,8,23,10639,SMP,69,37,True
Papua Barat,Kaimana,2022,25,8,13,24817,SMA,54,44,False
Papua Barat,Kaimana,2023,41,8,25,15982,SMA,68,34,False
Papua Barat,Teminabuan,2018,21,7,24,14096,SD,53,29,True
Papua Barat,Teminabuan,2019,42,7,12,15016,SMA,47,10,False
Papua Barat,Teminabuan,2020,17,5,16,15944,SD,61,30,False
Papua Barat,Teminabuan,2021,44,10,14,27876,SMP,77,36,False
Papua Barat,Teminabuan,2022,34,7,12,38563,SMP,86,10,True
Papua Barat,Teminabuan,2023,26,9,21,5653,SMP,53,27,False
